Arquivo;Competência;Período;Saldo Anterior (R$);Total Receitas (R$);Total Despesas (R$);Resultado (R$);Saldo Atual (R$)
C0153_Demonstrativomensal_062015.pdf;06/2015;Periodo de 01/06/2015 até 30/06/2015;23378,29;10223,70;14613,62;-4389,92;18988,37
C0153_Demonstrativomensal_072015.pdf;07/2015;Periodo de 01/07/2015 até 31/07/2015;18988,37;10862,67;7891,45;2971,22;21959,59
C0153_Demonstrativomensal_082015.pdf;08/2015;Periodo de 01/08/2015 até 31/08/2015;21959,59;10621,09;8328,56;2292,53;24252,12
C0153_Demonstrativomensal_092015.pdf;09/2015;Periodo de 01/09/2015 até 30/09/2015;24252,12;10061,65;6501,57;3560,08;27812,20
C0153_Demonstrativomensal_102015.pdf;10/2015;Periodo de 01/10/2015 até 31/10/2015;27812,20;8857,21;8512,40;344,81;28157,01
C0153_Demonstrativomensal_112015.pdf;11/2015;Periodo de 01/11/2015 até 30/11/2015;28157,01;9095,36;7229,67;1865,69;30022,70
C0153_Demonstrativomensal_122015.pdf;12/2015;Periodo de 01/12/2015 até 31/12/2015;30022,70;8212,68;21199,73;-12987,05;17035,65
C0153_Demonstrativomensal_012016.pdf;01/2016;Periodo de 01/01/2016 até 31/01/2016;17035,65;7213,14;10752,20;-3539,06;13496,59
C0153_Demonstrativomensal_022016.pdf;02/2016;Periodo de 01/02/2016 até 29/02/2016;13496,59;6858,34;9143,78;-2285,44;11211,15
C0153_Demonstrativomensal_032016.pdf;03/2016;Periodo de 01/03/2016 até 31/03/2016;11211,15;9273,50;8024,70;1248,80;12459,95
C0153_Demonstrativomensal_042016.pdf;04/2016;Periodo de 01/04/2016 até 30/04/2016;12459,95;7887,04;8944,11;-1057,07;11402,88
C0153_Demonstrativomensal_052016.pdf;05/2016;Periodo de 01/05/2016 até 31/05/2016;11402,88;8871,00;7914,65;956,35;12359,23
C0153_Demonstrativomensal_062016.pdf;06/2016;Periodo de 01/06/2016 até 30/06/2016;12359,23;8418,36;8756,38;-338,02;12021,21
C0153_Demonstrativomensal_072016.pdf;07/2016;Periodo de 01/07/2016 até 31/07/2016;12021,21;7066,48;7230,70;-164,22;11856,99
C0153_Demonstrativomensal_082016.pdf;08/2016;Periodo de 01/08/2016 até 31/08/2016;11856,99;8618,29;9857,98;-1239,69;10066,04
C0153_Demonstrativomensal_092016.pdf;09/2016;Periodo de 01/09/2016 até 30/09/2016;10066,04;8295,87;10906,42;-2610,55;7455,49
C0153_Demonstrativomensal_102016.pdf;10/2016;Periodo de 01/10/2016 até 31/10/2016;7455,49;8751,56;10996,59;-2245,03;5210,46
C0153_Demonstrativomensal_112016.pdf;11/2016;Periodo de 01/11/2016 até 30/11/2016;5210,46;9215,39;9194,01;21,38;5231,84
C0153_Demonstrativomensal_122016.pdf;12/2016;Periodo de 01/12/2016 até 31/12/2016;5231,84;8057,94;8287,04;-229,10;5002,74
C0153_Demonstrativomensal_012017.pdf;01/2017;Periodo de 01/01/2017 até 31/01/2017;5002,74;8271,12;12511,90;-4240,78;761,96
C0153_Demonstrativomensal_022017.pdf;02/2017;Periodo de 01/02/2017 até 28/02/2017;761,96;10231,64;8302,83;1928,81;2690,77
C0153_Demonstrativomensal_032017.pdf;03/2017;Periodo de 01/03/2017 até 31/03/2017;2690,77;9877,40;9189,54;687,86;3378,08
C0153_Demonstrativomensal_042017.pdf;04/2017;Periodo de 01/04/2017 até 30/04/2017;3378,08;8572,44;10111,84;-1539,40;1838,68
C0153_Demonstrativomensal_052017.pdf;05/2017;Periodo de 01/05/2017 até 31/05/2017;1838,68;10625,85;8895,23;1730,62;3569,30
C0153_Demonstrativomensal_062017.pdf;06/2017;Periodo de 01/06/2017 até 30/06/2017;3569,30;9351,82;9461,38;-109,56;3459,74
C0153_Demonstrativomensal_072017.pdf;07/2017;Periodo de 01/07/2017 até 31/07/2017;3459,74;8354,45;9983,11;-1628,66;1831,08
C0153_Demonstrativomensal_082017.pdf;08/2017;Periodo de 01/08/2017 até 31/08/2017;1831,08;9712,92;9641,42;71,50;1902,14
C0153_Demonstrativomensal_092017.pdf;09/2017;Periodo de 01/09/2017 até 30/09/2017;1902,14;8127,14;9345,86;-1218,72;683,42
C0153_Demonstrativomensal_102017.pdf;10/2017;Periodo de 01/10/2017 até 31/10/2017;683,42;12024,82;7928,94;4095,88;4779,30
C0153_Demonstrativomensal_112017.pdf;11/2017;Periodo de 01/11/2017 até 30/11/2017;4779,30;11173,06;13120,10;-1947,04;2832,26
C0153_Demonstrativomensal_122017.pdf;12/2017;Periodo de 01/12/2017 até 31/12/2017;2832,26;20893,22;19654,46;1238,76;4071,02
C0153_Demonstrativomensal_012018.pdf;01/2018;Periodo de 01/01/2018 até 31/01/2018;4071,02;11813,94;9897,10;1916,84;5987,86
C0153_Demonstrativomensal_022018.pdf;02/2018;Periodo de 01/02/2018 até 28/02/2018;5987,86;11097,63;9776,16;1321,47;7309,33
C0153_Demonstrativomensal_032018.pdf;03/2018;Periodo de 01/03/2018 até 31/03/2018;7309,33;11551,22;10847,82;703,40;8012,73
C0153_Demonstrativomensal_042018.pdf;04/2018;Periodo de 01/04/2018 até 30/04/2018;8012,73;10051,98;9749,55;302,43;8315,16
C0153_Demonstrativomensal_052018.pdf;05/2018;Periodo de 01/05/2018 até 31/05/2018;8315,16;13477,03;13705,28;-228,25;8086,91
C0153_Demonstrativomensal_062018.pdf;06/2018;Periodo de 01/06/2018 até 30/06/2018;8086,91;7756,10;9486,37;-1730,27;6356,64
C0153_Demonstrativomensal_072018.pdf;07/2018;Periodo de 01/07/2018 até 31/07/2018;6356,64;13082,74;10888,13;2194,61;8551,25
C0153_Demonstrativomensal_082018.pdf;08/2018;Periodo de 01/08/2018 até 31/08/2018;8551,25;16890,52;8779,65;8110,87;16662,12
C0153_Demonstrativomensal_092018.pdf;09/2018;Periodo de 01/09/2018 até 30/09/2018;16662,12;17994,55;9277,06;8717,49;25379,61
C0153_Demonstrativomensal_102018.pdf;10/2018;Periodo de 01/10/2018 até 31/10/2018;25379,61;22545,19;11534,41;11010,78;36390,39
C0153_Demonstrativomensal_112018.pdf;11/2018;Periodo de 01/11/2018 até 30/11/2018;36390,39;14873,64;33981,27;-19107,63;17282,76
C0153_Demonstrativomensal_122018.pdf;12/2018;Periodo de 01/12/2018 até 31/12/2018;17282,76;14815,86;24326,37;-9510,51;7772,25
C0153_Demonstrativomensal_012019.pdf;01/2019;Periodo de 01/01/2019 até 31/01/2019;7772,25;13862,76;12136,29;1726,47;9498,72
C0153_Demonstrativomensal_022019.pdf;02/2019;Periodo de 01/02/2019 até 28/02/2019;9498,72;26585,70;25389,65;1196,05;10694,77
C0153_Demonstrativomensal_032019.pdf;03/2019;Periodo de 01/03/2019 até 31/03/2019;10694,77;17816,40;14189,89;3626,51;14321,28
C0153_Demonstrativomensal_042019.pdf;04/2019;Periodo de 01/04/2019 até 30/04/2019;14321,28;12266,31;15858,12;-3591,81;10729,47
C0153_Demonstrativomensal_052019.pdf;05/2019;Periodo de 01/05/2019 até 31/05/2019;10729,47;13473,20;10611,46;2861,74;13591,21
C0153_Demonstrativomensal_062019.pdf;06/2019;Periodo de 01/06/2019 até 30/06/2019;13591,21;11873,34;10992,89;880,45;14471,66
C0153_Demonstrativomensal_072019.pdf;07/2019;Periodo de 01/07/2019 até 31/07/2019;14471,66;11196,64;12642,74;-1446,10;13025,56
C0153_Demonstrativomensal_082019.pdf;08/2019;Periodo de 01/08/2019 até 31/08/2019;13025,56;18681,02;15792,89;2888,13;15913,69
C0153_Demonstrativomensal_092019.pdf;09/2019;Periodo de 01/09/2019 até 30/09/2019;15913,69;16804,33;9798,10;7006,23;22919,92
C0153_Demonstrativomensal_102019.pdf;10/2019;Periodo de 01/10/2019 até 31/10/2019;22919,92;17012,08;15049,46;1962,62;22725,38
C0153_Demonstrativomensal_112019.pdf;11/2019;Periodo de 01/11/2019 até 30/11/2019;22725,38;17082,05;11091,75;5990,30;28715,68
C0153_Demonstrativomensal_122019.pdf;12/2019;Periodo de 01/12/2019 até 31/12/2019;28715,68;13833,10;10401,70;3431,40;32147,08
C0153_Demonstrativomensal_012020.pdf;01/2020;Periodo de 01/01/2020 até 31/01/2020;32147,08;15205,16;11249,10;3956,06;36103,14
C0153_Demonstrativomensal_022020.pdf;02/2020;Periodo de 01/02/2020 até 29/02/2020;36103,14;17929,23;12414,71;5514,52;41617,66
C0153_Demonstrativomensal_032020.pdf;03/2020;Periodo de 01/03/2020 até 31/03/2020;41617,66;14125,54;13441,63;683,91;42301,57
C0153_Demonstrativomensal_042020.pdf;04/2020;Periodo de 01/04/2020 até 30/04/2020;42301,57;12194,86;12314,40;-119,54;42182,03
C0153_Demonstrativomensal_052020.pdf;05/2020;Periodo de 01/05/2020 até 31/05/2020;42182,03;10427,69;12603,22;-2175,53;40006,50
C0153_Demonstrativomensal_062020.pdf;06/2020;Periodo de 01/06/2020 até 30/06/2020;40006,50;12896,24;15673,01;-2776,77;37229,73
C0153_Demonstrativomensal_082020.pdf;07/2020;Periodo de 01/07/2020 até 31/07/2020;37229,73;12630,51;10044,86;2585,65;39815,38
C0153_Demonstrativomensal_082020.pdf;08/2020;Periodo de 01/08/2020 até 31/08/2020;39815,38;12366,72;11815,51;551,21;40366,59
C0153_Demonstrativomensal_092020.pdf;09/2020;Periodo de 01/09/2020 até 30/09/2020;40366,59;12772,63;15188,43;-2415,80;37894,28
C0153_Demonstrativomensal_102020.pdf;10/2020;Periodo de 01/10/2020 até 31/10/2020;37894,28;25047,09;18157,90;6889,19;44783,47
C0153_Demonstrativomensal_112020.pdf;11/2020;Periodo de 01/11/2020 até 30/11/2020;44783,47;21151,64;19054,43;2097,21;46880,68
C0153_Demonstrativomensal_122020.pdf;12/2020;Periodo de 01/12/2020 até 31/12/2020;46880,68;22627,79;14483,43;8144,36;55025,04
C0153_Demonstrativomensal_012021.pdf;01/2021;Periodo de 01/01/2021 até 31/01/2021;55025,04;13217,91;13463,19;-245,28;54779,76
C0153_Demonstrativomensal_022021.pdf;02/2021;Periodo de 01/02/2021 até 28/02/2021;54779,76;12934,73;10971,62;1963,11;56742,87
C0153_Demonstrativomensal_032021.pdf;03/2021;Periodo de 01/03/2021 até 31/03/2021;56742,87;13815,57;13244,91;570,66;57313,53
C0153_Demonstrativomensal_042021.pdf;04/2021;Periodo de 01/04/2021 até 30/04/2021;57313,53;12163,66;11507,61;656,05;57969,58
C0153_Demonstrativomensal_052021.pdf;05/2021;Periodo de 01/05/2021 até 31/05/2021;57969,58;12603,89;19653,62;-7049,73;50919,85
C0153_Demonstrativomensal_062021.pdf;06/2021;Periodo de 01/06/2021 até 30/06/2021;50919,85;13134,08;10879,46;2254,62;53174,47
C0153_Demonstrativomensal_072021.pdf;07/2021;Periodo de 01/07/2021 até 31/07/2021;53174,47;14750,24;11243,89;3506,35;56680,82
C0153_Demonstrativomensal_082021.pdf;08/2021;Periodo de 01/08/2021 até 31/08/2021;56680,82;15430,57;20230,17;-4799,60;51881,22
C0153_Demonstrativomensal_092021.pdf;09/2021;Periodo de 01/09/2021 até 30/09/2021;51881,22;14748,16;16218,18;-1470,02;50411,20
C0153_Demonstrativomensal_102021.pdf;10/2021;Periodo de 01/10/2021 até 31/10/2021;50411,20;12460,12;15811,82;-3351,70;47059,50
C0153_Demonstrativomensal_112021.pdf;11/2021;Periodo de 01/11/2021 até 30/11/2021;47059,50;13977,13;8791,17;5185,96;52245,46
C0153_Demonstrativomensal_122021.pdf;12/2021;Periodo de 01/12/2021 até 31/12/2021;52245,46;13412,85;15029,39;-1616,54;50628,92
C0153_Demonstrativomensal_012022.pdf;01/2022;Periodo de 01/01/2022 até 31/01/2022;50628,92;14680,21;12539,67;2140,54;52769,46
C0153_Demonstrativomensal_022022.pdf;02/2022;Periodo de 01/02/2022 até 28/02/2022;52769,46;12306,94;13849,55;-1542,61;51226,85
C0153_Demonstrativomensal_032022.pdf;03/2022;Periodo de 01/03/2022 até 31/03/2022;51226,85;12530,08;19946,65;-7416,57;43810,28
C0153_Demonstrativomensal_042022.pdf;04/2022;Periodo de 01/04/2022 até 30/04/2022;43810,28;15305,10;10119,38;5185,72;48996,00
C0153_Demonstrativomensal_052022.pdf;05/2022;Periodo de 01/05/2022 até 31/05/2022;48996,00;13926,86;19779,90;-5853,04;43142,96
C0153_Demonstrativomensal_062022.pdf;06/2022;Periodo de 01/06/2022 até 30/06/2022;43142,96;12595,12;16219,68;-3624,56;39518,40
C0153_Demonstrativomensal_072022.pdf;07/2022;Periodo de 01/07/2022 até 31/07/2022;39518,40;16457,60;14867,38;1590,22;41108,62
C0153_Demonstrativomensal_082022.pdf;08/2022;Periodo de 01/08/2022 até 31/08/2022;41108,62;20691,10;18680,43;2010,67;43041,90
C0153_Demonstrativomensal_092022.pdf;09/2022;Periodo de 01/09/2022 até 30/09/2022;43041,90;15310,32;56600,84;-41290,52;1751,38
C0153_Demonstrativomensal_102022.pdf;10/2022;Periodo de 01/10/2022 até 31/10/2022;1751,38;20880,62;17683,12;3197,50;4948,88
C0153_Demonstrativomensal_112022.pdf;11/2022;Periodo de 01/11/2022 até 30/11/2022;4948,88;22349,55;24634,53;-2284,98;2663,90
C0153_Demonstrativomensal_122022.pdf;12/2022;Periodo de 01/12/2022 até 31/12/2022;2663,90;19272,19;18498,34;773,85;3437,75
C0153_Demonstrativomensal_012023.pdf;01/2023;Periodo de 01/01/2023 até 31/01/2023;3437,75;17265,75;12718,92;4546,83;7984,58
C0153_Demonstrativomensal_022023.pdf;02/2023;Periodo de 01/02/2023 até 28/02/2023;7984,58;16846,94;15317,82;1529,12;9513,70
C0153_Demonstrativomensal_032023.pdf;03/2023;Periodo de 01/03/2023 até 31/03/2023;9513,70;20273,25;19741,36;531,89;10045,59
C0153_Demonstrativomensal_042023.pdf;04/2023;Periodo de 01/04/2023 até 30/04/2023;10045,59;16481,94;13677,49;2804,45;11553,13
C0153_Demonstrativomensal_052023.pdf;05/2023;Periodo de 01/05/2023 até 31/05/2023;11553,13;19379,62;18330,44;1049,18;12602,31
C0153_Demonstrativomensal_062023.pdf;06/2023;Periodo de 01/06/2023 até 30/06/2023;12602,31;12818,95;15035,68;-2216,73;10385,58
C0153_Demonstrativomensal_072023.pdf;07/2023;Periodo de 01/07/2023 até 31/07/2023;10385,58;16576,99;25305,29;-8728,30;1657,28
C0153_Demonstrativomensal_082023.pdf;08/2023;Periodo de 01/08/2023 até 31/08/2023;1657,28;19565,05;17295,82;2269,23;44183,52
C0106_Demonstrativomensal_092023.pdf;09/2023;Periodo de 01/09/2023 até 30/09/2023;44183,52;46585,03;48316,21;-1731,18;8053,75
C0153_Demonstrativomensal_102023.pdf;10/2023;Periodo de 01/10/2023 até 31/10/2023;8053,75;20868,79;14469,68;6399,11;14452,86
C0153_Demonstrativomensal_112023.pdf;11/2023;Periodo de 01/11/2023 até 30/11/2023;14452,86;22262,30;18573,71;3688,59;18141,45
C0153_Demonstrativomensal_122023.pdf;12/2023;Periodo de 01/12/2023 até 31/12/2023;18141,45;20219,40;18642,90;1576,50;19717,95
C0153_Demonstrativomensal_012024.pdf;01/2024;Periodo de 01/01/2024 até 31/01/2024;19717,95;24842,12;21122,05;3720,07;23438,02
C0153_Demonstrativomensal_022024.pdf;02/2024;Periodo de 01/02/2024 até 29/02/2024;23438,02;46557,49;22698,40;23859,09;47297,11
C0153_Demonstrativomensal_032024.pdf;03/2024;Periodo de 01/03/2024 até 31/03/2024;47297,11;27872,70;21746,59;6126,11;53365,55
C0153_Demonstrativomensal_042024.pdf;04/2024;Periodo de 01/04/2024 até 30/04/2024;53365,55;27527,72;33568,95;-6041,23;47324,32
C0153_Demonstrativomensal_052024.pdf;05/2024;Periodo de 01/05/2024 até 31/05/2024;47324,32;27427,53;32634,14;-5206,61;42117,71
C0153_Demonstrativomensal_062024.pdf;06/2024;Periodo de 01/06/2024 até 30/06/2024;42117,71;27405,20;37224,15;-9818,95;32408,38
C0153_Demonstrativomensal_072024.pdf;07/2024;Periodo de 01/07/2024 até 31/07/2024;32408,38;29704,44;35942,83;-6238,39;26169,99
C0153_Demonstrativomensal_082024.pdf;08/2024;Periodo de 01/08/2024 até 31/08/2024;26169,99;25439,05;33001,87;-7562,82;18607,17
C0153_Demonstrativomensal_092024.pdf;09/2024;Periodo de 01/09/2024 até 30/09/2024;18607,17;22367,77;23219,12;-851,35;17755,82
C0153_Demonstrativomensal_102024.pdf;10/2024;Periodo de 01/10/2024 até 31/10/2024;17755,82;29525,73;25890,45;3635,28;21391,10
C0153_Demonstrativomensal_112024.pdf;11/2024;Periodo de 01/11/2024 até 30/11/2024;21391,10;20296,81;42181,46;-21884,65;-493,55
C0153_Demonstrativomensal_122024.pdf;12/2024;Periodo de 01/12/2024 até 31/12/2024;-493,55;24354,59;39472,78;-15118,19;-15611,74
C0153_Demonstrativomensal_012025.pdf;01/2025;Periodo de 01/01/2025 até 31/01/2025;-15611,74;37263,87;40035,76;-2771,89;-18383,63
C0153_Demonstrativomensal_022025.pdf;02/2025;Periodo de 01/02/2025 até 28/02/2025;-18383,63;26345,49;25929,91;415,58;-15918,58
C0153_Demonstrativomensal_032025.pdf;03/2025;Periodo de 01/03/2025 até 31/03/2025;-15918,58;40033,19;38188,09;1845,10;-14073,48
C0153_Demonstrativomensal_042025.pdf;04/2025;Periodo de 01/04/2025 até 30/04/2025;-14073,48;44423,19;51443,94;-7020,75;-21094,23
C0153_Demonstrativomensal_052025.pdf;05/2025;Periodo de 01/05/2025 até 31/05/2025;-21094,23;31448,94;29749,86;1699,08;-19395,15
C0153_Demonstrativomensal_062025.pdf;06/2025;Periodo de 01/06/2025 até 30/06/2025;-19395,15;38215,11;29229,57;8985,54;-10409,61
C0153_Demonstrativomensal_072025.pdf;07/2025;Periodo de 01/07/2025 até 31/07/2025;-10409,61;33785,27;33081,82;703,45;-9706,16
C0153_Demonstrativomensal_082025.pdf;08/2025;Periodo de 01/08/2025 até 31/08/2025;-9706,16;35511,73;25699,29;9812,44;106,28
C0153_Demonstrativomensal_092025.pdf;09/2025;Periodo de 01/09/2025 até 30/09/2025;106,28;33800,11;25960,08;7840,03;7946,31
C0153_Demonstrativomensal_102025.pdf;10/2025;Periodo de 01/10/2025 até 31/10/2025;7946,31;39372,36;27700,78;11671,58;19617,89
C0153_Demonstrativomensal_112025.pdf;11/2025;Periodo de 01/11/2025 até 30/11/2025;19617,89;30335,66;39221,41;-8885,75;10732,14
C0153_Demonstrativomensal_122025.pdf;12/2025;Periodo de 01/12/2025 até 31/12/2025;10732,14;36003,96;35008,35;995,61;11727,75
C0153_Demonstrativomensal_012026.pdf;01/2026;Periodo de 01/01/2026 até 31/01/2026;11727,75;23132,66;25983,51;-2850,85;8876,90
C0153_Demonstrativomensal_022026.pdf;02/2026;Periodo de 01/02/2026 até 28/02/2026;8876,90;21378,63;19262,88;2115,75;10992,65
C0153_Demonstrativomensal_032026.pdf;03/2026;Periodo de 01/03/2026 até 31/03/2026;10992,65;25870,42;18448,85;7421,57;18414,22
C0153_Demonstrativomensal_042026.pdf;04/2026;Periodo de 01/04/2026 até 30/04/2026;18414,22;24327,68;40393,72;-16066,04;2348,18
